{"cameraMode":{"drawMode":0,"name":"Shaded","section":"Shading Mode"},"sceneLighting":false,"audioPlay":false,"sceneViewState":{"showFog":true,"showMaterialUpdate":true,"showSkybox":true,"showFlares":true,"showImageEffects":true,"showParticleSystems":true},"in2DMode":false,"pivot":{"x":0.014975614845752716,"y":0.13943138718605042,"z":0.027445301413536073},"rotation":{"x":-0.05651124566793442,"y":0.9428084492683411,"z":-0.21311800181865693,"w":-0.2499990463256836},"size":0.7958542108535767,"orthographic":false}